cNumber,S1,S2,S3,S4,S5
C18218,0.0003719,0.012304708,7.98E-05,8.88E-05,0.000143314
C18316,0.001095062,0.001586151,0.002180734,0.001112784,0.002656676
